first_name,last_name,status,email,memberID,phone_number,position
Shay,Keepe,Inactive,Shay.Keepe@northeastern.edu,01HVFCDXKPMWG3N1AGKW29EH8N,569-835-8910,6711
Cornie,Rankmore,Activeee,Cornie.Rankmore@northeastern.edu,01HVFCDXKRAZETBWWYJBWMWK3Y,623-658-3568,
Vinson,Waterfall,Inactive,Vinson.Waterfall@northeastern.edu,01HVFCDXKTAAYJXR4R3WJSQJ5J,197-914-5796,6090-215
Caterina,Disbrow,Activeee,Caterina.Disbrow@northeastern.edu,01HVFCDXKWDNPE3WPJKXJPW0CQ,163-222-4703,
Gill,Colles,Activeee,Gill.Colles@northeastern.edu,01HVFCDXKYDQS7R3G4JN2MDBAW,779-214-0423,P81
Cart,Mc Cahey,Inactive,Cart.Mc Cahey@northeastern.edu,01HVFCDXM0AND1C9W8JZKK6REF,834-796-0385,31170
Leonhard,Andrivel,Inactive,Leonhard.Andrivel@northeastern.edu,01HVFCDXM291AHEPM7H5Z2CDXG,870-411-1945,
Pierce,Cowgill,Inactive,Pierce.Cowgill@northeastern.edu,01HVFCDXM4KYF319XH16TBTQZR,537-655-5938,
Fedora,Brahan,Inactive,Fedora.Brahan@northeastern.edu,01HVFCDXM6F91XKYTEXEQFGNZX,928-438-0140,
Des,Maureen,Officerr,Des.Maureen@northeastern.edu,01HVFCDXM8Z93BBB29YCBVSEGA,886-476-7692,
Bobinette,ffrench Beytagh,Activeee,Bobinette.ffrench Beytagh@northeastern.edu,01HVFCDXMAX1TTWD25V2YJQ8VA,340-982-8256,
Emile,De la Yglesia,Officerr,Emile.De la Yglesia@northeastern.edu,01HVFCDXMC9C59XGTJFZG8XDB8,740-833-9668,18120
Claudelle,Shillito,Inactive,Claudelle.Shillito@northeastern.edu,01HVFCDXMEJE4RNDE8T7QWBSSR,223-312-2631,75547 CEDEX 11
Marnia,Feldhorn,Pendingg,Marnia.Feldhorn@northeastern.edu,01HVFCDXMGFRWTVQG4G1HAQ796,441-425-5633,
Marys,Cissen,Pendingg,Marys.Cissen@northeastern.edu,01HVFCDXMJXVJKWX1ECMCX3ZKR,610-538-8303,65075
Hanny,Brockhouse,Activeee,Hanny.Brockhouse@northeastern.edu,01HVFCDXMMHVK4QV9SAVG3TFW3,282-192-5832,6224
Briana,Yitzowitz,Pendingg,Briana.Yitzowitz@northeastern.edu,01HVFCDXMPEKNYS5GQK934S1PE,351-866-5580,
Aubert,Hush,Inactive,Aubert.Hush@northeastern.edu,01HVFCDXMR7ASRCSW19QHBAEBY,876-510-1316,62-510
Emylee,Yakobovicz,Activeee,Emylee.Yakobovicz@northeastern.edu,01HVFCDXMSYJF5PVD9GCBW7R6D,231-165-6376,
Nevsa,Brittan,Inactive,Nevsa.Brittan@northeastern.edu,01HVFCDXMVSWE4GVYD60RSDV70,409-725-8600,F45
Zulema,Wickendon,Activeee,Zulema.Wickendon@northeastern.edu,01HVFCDXMXRSSRSW26RRD02KMS,228-933-4770,4158
Novelia,Yakovich,Activeee,Novelia.Yakovich@northeastern.edu,01HVFCDXMZBRM63Q815TKK4HVW,891-411-7415,18800-000
Welsh,Lattos,Inactive,Welsh.Lattos@northeastern.edu,01HVFCDXN1QT636DJZ2VTMH0RA,555-668-0447,
Georges,Binny,Officerr,Georges.Binny@northeastern.edu,01HVFCDXN37G85ZH1ETJG4W7SF,205-664-8095,1697
Hy,Dionis,Pendingg,Hy.Dionis@northeastern.edu,01HVFCDXN5BEZDY7J070C2QQJR,483-272-0426,
Alane,Fellow,Activeee,Alane.Fellow@northeastern.edu,01HVFCDXN78RAW3BRFRJ6306RJ,694-762-2543,
Lexi,Gaynesford,Pendingg,Lexi.Gaynesford@northeastern.edu,01HVFCDXN93DC0R7WAZHP745ZT,473-234-3525,
Winifield,Barsham,Officerr,Winifield.Barsham@northeastern.edu,01HVFCDXNB3J53ANVENRCQP32Y,748-564-8240,
Doll,Lamborn,Pendingg,Doll.Lamborn@northeastern.edu,01HVFCDXNDW8PAW2V027PA4HTB,831-826-9401,
Concettina,Fellibrand,Officerr,Concettina.Fellibrand@northeastern.edu,01HVFCDXNFGBMET98FPN8498Z7,352-807-1477,
Mada,Dittson,Inactive,Mada.Dittson@northeastern.edu,01HVFCDXNH9JBZEEND6VB6V5CR,164-938-8299,141880
Leontine,Bread,Activeee,Leontine.Bread@northeastern.edu,01HVFCDXNKBPPKWY3JA57PPH1G,844-430-2898,3706
Humphrey,Atty,Officerr,Humphrey.Atty@northeastern.edu,01HVFCDXNNTX972ZV07GHVE8V8,788-637-6615,
Nolly,Sunners,Pendingg,Nolly.Sunners@northeastern.edu,01HVFCDXNP6M4B709P32G87F8B,893-743-4822,
Quinton,Giffard,Officerr,Quinton.Giffard@northeastern.edu,01HVFCDXNS2KDVTN6686YEG0WS,851-680-4071,
Elise,Camplin,Officerr,Elise.Camplin@northeastern.edu,01HVFCDXNVYMNY20JJWHC8X4MC,363-800-3756,
Nichole,Saines,Activeee,Nichole.Saines@northeastern.edu,01HVFCDXNXNJNCQTG8JMAZEHA8,866-142-1492,3116
Hersch,Arnolds,Activeee,Hersch.Arnolds@northeastern.edu,01HVFCDXNZ4B4P0ESD0CSMJJBX,732-172-3160,
Augusta,O'Crevy,Activeee,Augusta.O'Crevy@northeastern.edu,01HVFCDXP1PYSE8V66XNYTK296,177-951-5096,368792
Norri,Savins,Inactive,Norri.Savins@northeastern.edu,01HVFCDXP2X90ZS5RCQNJERTXB,991-786-3788,
Joelynn,Trime,Officerr,Joelynn.Trime@northeastern.edu,01HVFCDXP5NQB4N79MEPJK9NVZ,822-142-8280,
Cassie,Gregh,Officerr,Cassie.Gregh@northeastern.edu,01HVFCDXP63ZRZ3XA0TJRQF74T,919-778-4395,999-0141
Dylan,Dorricott,Pendingg,Dylan.Dorricott@northeastern.edu,01HVFCDXP9843XC2PA6T6M2GKJ,143-222-2857,
Roldan,Bagster,Inactive,Roldan.Bagster@northeastern.edu,01HVFCDXPAR3RH84ZYK2ZK2FEJ,247-393-6862,
Meriel,Artin,Officerr,Meriel.Artin@northeastern.edu,01HVFCDXPC1CRMSKAY7DSSRMSV,809-361-3776,
Leone,Woodman,Inactive,Leone.Woodman@northeastern.edu,01HVFCDXPE89YPD32BHMKRS3JJ,961-804-2225,
Temp,Sheehan,Officerr,Temp.Sheehan@northeastern.edu,01HVFCDXPHVWW6KZNDDMPPQ9YV,696-674-1201,39-410
Wilfred,Greenman,Pendingg,Wilfred.Greenman@northeastern.edu,01HVFCDXPK6A58TH769R8RNYSM,556-111-7811,
Dionis,Bocken,Pendingg,Dionis.Bocken@northeastern.edu,01HVFCDXPNJAEAC6BYNVV015W2,603-312-0254,
Gay,Brewster,Officerr,Gay.Brewster@northeastern.edu,01HVFCDXPQ7EQHE6X2MFGTV0ET,923-403-8970,
